instrument,1st harmonic,2nd harmonic,3rd harmonic,4th harmonic,5th harmonic
piano means,1.0,0.6170509100683621,0.30301898056977056,0.26661635985202786,0.1926763829794907
piano stdevs,0.0,0.6449707197773821,0.19647828240620258,0.12183447062810278,0.06303416703641727
violin means,1.0,0.33141462650932474,0.2680395481895224,0.28221090681126254,0.19898657805035644,0.21417053842928474,0.17707313250341278,0.178564192283003,0.10659555004961878
violin stdevs,0.0,0.18333961453287806,0.1815828623311869,0.19669843406079462,0.04040117817458319,0.1416533332166963,0.04028322875635975,0.035526247616088115,nan
tuba means,1.0,2.325873396243771,2.9556418239499482,2.4818667412570963,1.677076595946323,1.3899883099513246,1.5053293000091585,1.4272869475599752,1.144946608422417,0.9273636912731763,0.892583023405828,0.6687417583782982,0.7063653406228453,0.5562519451300861
tuba stdevs,0.0,0.6460450386512735,1.8658389679989007,2.1761992330212774,1.5624930069925993,1.206694603301475,0.9566433093898594,0.6880751262210635,0.4616896017513676,0.3966890334443133,0.2297512977734411,nan,nan,nan
flute means,1.0,1.000069023485175,0.9684803234828278,0.619339246322438,0.37257075114090554,0.19432633872031058,0.1491441718316285,0.3444547782958639,0.23526783032159126,0.15254678683602638
flute stdevs,0.0,0.4186923788278135,0.39307595417515717,0.30813638993073406,0.2060419528843535,0.05616987028238525,nan,nan,nan,nan
