1st harmonic,2nd harmonic,3rd harmonic,4th harmonic,5th harmonic
1.0,1.7416937002373536,1.4663157601106631,0.9095788336761264,0.331400196147782,0.22175850842908965,,,,
1.0,0.730738878730611,1.2999061737033732,1.0206015523881713,0.4218469484506465,0.2568789425590621,0.1491441718316285,0.3444547782958639,0.23526783032159126,0.15254678683602638
1.0,1.3267992375922433,0.919300771376141,0.6825570292439938,0.32639417077781296,,,,,
1.0,0.586765582838502,0.5122514677614186,,,,,,,
1.0,0.5457739061366486,0.3187395060030167,,,,,,,
1.0,1.2190543548870252,1.2586460577343288,0.27781394086387934,0.19018901591478027,0.16871411016933513,,,,
1.0,0.7497140985864891,1.0425419851484066,0.5211138774452222,0.7552380988489611,0.12995379372375548,,,,
1.0,1.100012428872527,0.9301408660252731,0.304370244317235,0.2103560767054498,,,,,
