1st harmonic,2nd harmonic,3rd harmonic,4th harmonic,5th harmonic
1.0,0.3366177078808427,0.11431802117193746,0.13706022939099957,,,,,
1.0,0.3166695875331075,0.5593235128739965,0.6504807788020298,0.20229164811196673,0.3143345709244883,0.20555767672512368,0.20368504288245132,
1.0,0.22977224365966234,0.10567451460540392,,,,,,
1.0,0.20546951688535828,0.13552370745372969,0.10477575268944127,0.23763370284206467,,,,
1.0,0.6599498362470442,0.21085789000844166,0.3093474052860987,0.15703438319703783,0.11400650593408115,0.14858858828170185,0.15344334168355467,0.10659555004961878
1.0,0.5566762133735075,0.5185599245530073,0.27653264937215943,,,,,
1.0,0.17748528115389955,0.3266058782651929,,,,,,
1.0,0.16867662534117625,0.17345293658447014,0.21506862532684642,,,,,
